,ID_CLIENTE,LOCALIDAD, PROVINCIA ,COORDS,lat,lon,tiempo_desde_sede_min
0,1,HARO,LA RIOJA,"42.5681060494229, -2.858152511919005",42.5681060494229,-2.858152511919005,2.6643733923089656
1,3,STO. DOMINGO,LA RIOJA,"42.433119817282204, -2.950749636445161",42.433119817282204,-2.950749636445161,17.53671471018288
2,4,DURANA,ALAVA,"42.88702626937825, -2.639513912965261",42.88702626937825,-2.639513912965261,50.280535862541754
3,5,HARO,LA RIOJA,"42.56905422294487, -2.8582383426018674",42.56905422294487,-2.8582383426018674,2.765751487355585
4,6,VITORIA,ALAVA,"42.83740036472884, -2.6700945850372797",42.83740036472884,-2.6700945850372797,43.02760751579887
5,7,URDIAIN,NAVARRA,"42.889614724865645, -2.138824319888948",42.889614724865645,-2.138824319888948,85.09868158978396
7,9,LOGROÑO,LA RIOJA,"42.45013177767869, -2.4478865559684446",42.45013177767869,-2.4478865559684446,44.07422643127
8,10,SAN VICENTE,LA RIOJA,"42.55723123763941, -2.756225378311136",42.55723123763941,-2.756225378311136,11.55352309479887
9,11,ALSASUA,NAVARRA,"42.892317105968665, -2.160411690717142",42.892317105968665,-2.160411690717142,83.50067426942512
13,17,HARO,LA RIOJA,"42.57493609276223, -2.859989894465662",42.57493609276223,-2.859989894465662,3.384404282241954
14,18,NANCLARES,ALAVA,"42.815165330083616, -2.8168162684239704",42.815165330083616,-2.8168162684239704,35.582374196931795
15,19,SALINAS,ALAVA,"42.80254330447877, -2.9882562588873665",42.80254330447877,-2.9882562588873665,35.326752285695086
16,20,MIRANDA,BURGOS,"42.67981995425053, -2.963886889611098",42.67981995425053,-2.963886889611098,19.295470038364492
17,21,SOTES,LA RIOJA,"42.39728023698068, -2.6042157809448154",42.39728023698068,-2.6042157809448154,33.57288814195818
18,22,NALDA,LA RIOJA,"42.33454755287178, -2.4836896934940373",42.33454755287178,-2.4836896934940373,48.1161385623555
19,23,LOGROÑO,LA RIOJA,"42.475448286225976, -2.4468037913154816",42.475448286225976,-2.4468037913154816,43.25489690349927
20,24,PRADEJÓN,LA RIOJA,"42.33162748891024, -2.065080895522403",42.33162748891024,-2.065080895522403,84.9984719313391
21,25,EL RASILLO,LA RIOJA,"42.19476099225876, -2.7015883235318703",42.19476099225876,-2.7015883235318703,50.486641639360094
22,26,NIEVA,LA RIOJA,"42.21901538839893, -2.6669882496729835",42.21901538839893,-2.6669882496729835,48.77943166186787
23,28,CENICERO,LA RIOJA,"42.48705296252269, -2.632611302334742",42.48705296252269,-2.632611302334742,25.23160195868196
24,29,LAGUARDIA,ALAVA,"42.54642310684659, -2.5766050847639863",42.54642310684659,-2.5766050847639863,29.24075265969265
25,30,LOGROÑO,LA RIOJA,"42.46545739135944, -2.4161055824786333",42.46545739135944,-2.4161055824786333,46.517235806009616
26,31,AGONCILLO,LA RIOJA,"42.449633829721435, -2.2943488735734396",42.449633829721435,-2.2943488735734396,58.68897720506
27,32,VITORIA,ALAVA,"42.83850032905385, -2.7097929385014563",42.83850032905385,-2.7097929385014563,41.495568469330074
29,34,CENICERO,LA RIOJA,"42.48041291685753, -2.6496428761331576",42.48041291685753,-2.6496428761331576,23.99603474552148
30,35,LAGUARDIA,ALAVA,"42.55939829735747, -2.6040212194601047",42.55939829735747,-2.6040212194601047,26.548876806419845
31,36,BRIONES,LA RIOJA,"42.54363626665786, -2.780999982678883",42.54363626665786,-2.780999982678883,9.147860048477625
32,37,NAJERA,LA RIOJA,"42.41516740455801, -2.739775456567488",42.41516740455801,-2.739775456567488,22.440104362323307
33,39,HARO,LA RIOJA,"42.57902249595814, -2.8458665254033586",42.57902249595814,-2.8458665254033586,4.551263863592524
34,40,VITORIA,ALAVA,"42.84559898403419, -2.6400152870068836",42.84559898403419,-2.6400152870068836,45.41695375970845
35,41,MIRANDA,BURGOS,"42.69398677237486, -2.943052771196253",42.69398677237486,-2.943052771196253,20.200367419372192
38,44,SESMA,NAVARRA,"42.475966103233354, -2.084939920137933",42.475966103233354,-2.084939920137933,78.38507861578348
39,45,LERÍN,NAVARRA,"42.483451147662834, -1.9662847839221445",42.483451147662834,-1.9662847839221445,89.89052851744651
40,46,LOS ARCOS,NAVARRA,"42.573982646482136, -2.1932569768030103",42.573982646482136,-2.1932569768030103,67.06849223863539
42,48,ARAIA,ALAVA,"42.88686325403397, -2.313917076959883",42.88686325403397,-2.313917076959883,70.85670538106656
43,49,CENICERO,LA RIOJA,"42.48326712304896, -2.6388964803139454",42.48326712304896,-2.6388964803139454,24.830795329387463
44,50,FUENMAYOR,LA RIOJA,"42.46763096774849, -2.555735355173662",42.46763096774849,-2.555735355173662,33.24565017514746
45,51,OLLAURI,LA RIOJA,"42.543711347107006, -2.8283530727865601",42.543711347107006,-2.8283530727865601,0.0000000000000000
